{
    "id": "pull-the-other-one",
    "name": "pull-the-other-one",
    "title": "Pull the Other One",
    "description": "This is specifically a Mini-Puzzle dungeon I created for my players. If you use it, give me a shout-out on how it went.\n1)\tCreated by Dr. Feargood using Dungeon Alchemist and Photoshop.\n2)\tFree Stone door sound from Freesound - Freesound, and purchased lightbulb image.\n3)\tPuzzle idea from AAW Games: Acanthus’s Conundrums #14: Puzzles & Riddles for RPGs - AAW Games (adventureaweek.com)",
    "version": "1.0.0",
    "authors": [
        {
            "name": "Dr. Feargood",
            "discord": "dr.feargood",
            "url": ""
        }
    ],
    "minimumCoreVersion": "0.10.291",
    "compatibleCoreVersion": "10",
    "compatibility": {
        "minimum": "0.10.291",
        "verified": "10"
    },
    "packs": [
        {
            "name": "AAW-Puzzle-Dungeons",
            "label": "AAW-Puzzle-Dungeons",
            "path": "./packs/pull-the-other-one.db",
            "entity": "AAW-Puzzle-Dungeons",
            "type": "AAW-Puzzle-Dungeons"
        }
    ],
    "manifest": "https://raw.githubusercontent.com/Dr-Feargood/Puzzle-Dungeons/main/module.json",
    "download": "https://raw.githubusercontent.com/Dr-Feargood/Puzzle-Dungeons/main/pull-the-other-one.zip"
}